Band,Member,,,,,,,,,,,
2Blu And The Lucky Stiffs,George Dudley,,,,,,,,,,,
2Blu And The Lucky Stiffs,Bruce Andrews,,,,,,,,,,,
2Blu And The Lucky Stiffs,Dave Gowens,,,,,,,,,,,
2Blu And The Lucky Stiffs,Jack Dudley,,,,,,,,,,,
2Blu And The Lucky Stiffs,Steve Ramos,,,,,,,,,,,
2Blu And The Lucky Stiffs,Matt Wiley,,,,,,,,,,,
2Blu And The Lucky Stiffs,Dave Crenshaw,,,,,,,,,,,
7th Avenue South,Mary Glenn Christopher,,,,,,,,,,,
7th Avenue South,Eric Crowe,,,,,,,,,,,
7th Avenue South,John Drums,,,,,,,,,,,
7th Avenue South,Todd Pickard,,,,,,,,,,,
7th Avenue South,Bruce Spiller,,,,,,,,,,,
7th Avenue South,Bart Styes,,,,,,,,,,,
A Touch Of Black,Carly Black,,,,,,,,,,,
A Touch Of Black,Tim Kelly,,,,,,,,,,,
A Touch Of Black,Mike Hawkins,,,,,,,,,,,
ADAMADAM,Adam Guthrie,,,,,,,,,,,
ADAMADAM,Tym Cornell,,,,,,,,,,,
ADAMADAM,David Hornbuckle,,,,,,,,,,,
ADAMADAM,Aaron Hathcock,,,,,,,,,,,
Ages Apart,Cody Webb,,,,,,,,,,,
Ages Apart,Chris Srygley,,,,,,,,,,,
Ages Apart,Will Bradley,,,,,,,,,,,
Alexa Burroughs,Alexa Burroughs,,,,,,,,,,,
Alexa Rankin,Rob Avram,,,,,,,,,,,
Alpha Groove,Josh Jordan,,,,,,,,,,,
Alpha Groove,Joel Kauffman,,,,,,,,,,,
Alpha Groove,Dave Bark,,,,,,,,,,,
Alpha Groove,Taylor Propp,,,,,,,,,,,
Alpha Groove,Dan Tidwell,,,,,,,,,,,
Amanda Johnston,Amanda Johnston,,,,,,,,,,,
Ambisax,Les Fillmer,,,,,,,,,,,
Amen Corner,Price Mason,,,,,,,,,,,
Amen Corner,Alex Mason,,,,,,,,,,,
Amen Corner,Riley Scruggs,,,,,,,,,,,
Andy Spain (aka Andy Spain and Lost Astronaut),Andy Spain,,,,,,,,,,,
Andy Spain (aka Andy Spain and Lost Astronaut),Bill Ledbetter,,,,,,,,,,,
Andy Spain (aka Andy Spain and Lost Astronaut),Greg Clemmons,,,,,,,,,,,
Andy Spain (aka Andy Spain and Lost Astronaut),Matt Brennan,,,,,,,,,,,
Artie Hanes,Artie Hanes,,,,,,,,,,,
Artiste Omniverse,SI Reasoning,,,,,,,,,,,
Artiste Omniverse,Davey Williams,,,,,,,,,,,
Artiste Omniverse,LaDonna Smith,,,,,,,,,,,
As a Nation Dies,Marc Davis,,,,,,,,,,,
As a Nation Dies,Woody,,,,,,,,,,,
As a Nation Dies,Micheal Dollar,,,,,,,,,,,
Ashley and the Keepers,Ashley Roberts,,,,,,,,,,,
Ashley and the Keepers,Martin Castor,,,,,,,,,,,
Ashley and the Keepers,John Nuckols,,,,,,,,,,,
Ashley and the Keepers,Mason McFarland,,,,,,,,,,,
Ashley and the Keepers,Christopher Anderson,,,,,,,,,,,
Ashley and the Keepers,Chris Allison,,,,,,,,,,,
Ashley and the Keepers,Jacob Edwards,,,,,,,,,,,
Ashley and the Keepers,Taylor Goodwin,,,,,,,,,,,
Atticus Avenue,Drew Kuehner,,,,,,,,,,,
Atticus Avenue,Stephen Wade,,,,,,,,,,,
Atticus Avenue,Billy Rigdon,,,,,,,,,,,
Atticus Avenue,Brad Kuehner,,,,,,,,,,,
Avavago,Allen Eaton,,,,,,,,,,,
Avavago,Tim Boykin,,,,,,,,,,,
Avavago,Josh Jarvis,,,,,,,,,,,
Avavago,Sa¡d L¢pez,,,,,,,,,,,
Balcony View,Chance Bridges,,,,,,,,,,,
Bands With Managers,Craig McRee,,,,,,,,,,,
Beavers Brothers Band,AJ Beavers,,,,,,,,,,,
Beavers Brothers Band,Warren Amos,,,,,,,,,,,
Beavers Brothers Band,Taylor Hollingsworth,,,,,,,,,,,
Beavers Brothers Band,Michael Shackleford,,,,,,,,,,,
Beavers Brothers Band,Randy Wyatt,,,,,,,,,,,
Beavers Brothers Band,Macey Taylor,,,,,,,,,,,
Beitthemeans,Josh Jones,,,,,,,,,,,
Beitthemeans,Nathan Kelley,,,,,,,,,,,
Beitthemeans,Casey Wilson,,,,,,,,,,,
Bell Weather,Evan Haarbauer,,,,,,,,,,,
Bell Weather,Melissa Hunt,,,,,,,,,,,
Bell Weather,Nick Phillips,,,,,,,,,,,
Bellygods,Tony Middleton,,,,,,,,,,,
Bellygods,James Tunnell,,,,,,,,,,,
Bellygods,Brian Smith,,,,,,,,,,,
Ben Guthrie and Mark Mizzell,Mark T Mizzell,,,,,,,,,,,
Ben Guthrie and Mark Mizzell,Ben Guthrie,,,,,,,,,,,
Ben Nelson,Ben Nelson,,,,,,,,,,,
Bentwood Revival,Faith Harper,,,,,,,,,,,
Bentwood Revival,Larry Bradford,,,,,,,,,,,
Bentwood Revival,Selwyn Spaulding,,,,,,,,,,,
Bentwood Revival,Charlotte Guffin,,,,,,,,,,,
Big Daddy's New Band,Frank A Ranelli,,,,,,,,,,,
Big Daddy's New Band,Chris Rothe,,,,,,,,,,,
Big Daddy's New Band,Benita Parsons,,,,,,,,,,,
Big Daddy's New Band,Harold Sudderth,,,,,,,,,,,
Big Daddy's New Band,Mike J Hill,,,,,,,,,,,
Big Daddy's New Band,Mike Lingo,,,,,,,,,,,
Big Daddy's New Band,Dwight Houston,,,,,,,,,,,
BIGGIEVSTUPAC,Seah Fahey,,,,,,,,,,,
BIGGIEVSTUPAC,Lance Hays,,,,,,,,,,,
BIGGIEVSTUPAC,Matt Seward,,,,,,,,,,,
BIGGIEVSTUPAC,Timothy Frazier,,,,,,,,,,,
BirdWeek,Seth Richardson,,,,,,,,,,,
BirdWeek,Gary Brown,,,,,,,,,,,
BirdWeek,Mollie McFarland,,,,,,,,,,,
BirdWeek,Bradford Sims,,,,,,,,,,,
BirdWeek,Keith Weber,,,,,,,,,,,
Black Hole Kids,Matt Tubbs,,,,,,,,,,,
Black Hole Kids,Wess Gregg,,,,,,,,,,,
Black Hole Kids,Keith Eggleston,,,,,,,,,,,
Black Hole Kids,Matt Whitson,,,,,,,,,,,
Black Jacket Symphony,Peyton Grant,,,,,,,,,,,
Black Jacket Symphony,J. Willoughby,,,,,,,,,,,
Black Jacket Symphony,Mark Lanter,,,,,,,,,,,
Black Jacket Symphony,Aaron Branson,,,,,,,,,,,
Black Jacket Symphony,Allen Barlow,,,,,,,,,,,
Black Jacket Symphony,Bryan Gibson,,,,,,,,,,,
Black Jacket Symphony,Buck Johnson,,,,,,,,,,,
Black Jacket Symphony,Brad Wolfe,,,,,,,,,,,
Blood and Brutality,Bryan Arant,,,,,,,,,,,
Blood and Brutality,Rev,,,,,,,,,,,
Blood and Brutality,Max Rains,,,,,,,,,,,
Blood and Brutality,Josh Jarvis,,,,,,,,,,,
Blue Notes Trio,Blake Ellis,,,,,,,,,,,
Blue Notes Trio,Gary Cramer,,,,,,,,,,,
Blue Notes Trio,Andrew Malinoski,,,,,,,,,,,
Bob Marston,Adam Purvis,,,,,,,,,,,
Bob Marston,Bob Marston,,,,,,,,,,,
Bob Marston Band,Bob Marston,,,,,,,,,,,
Bob Marston Band,Adam Purvis,,,,,,,,,,,
Bob Marston Band,Ford Boswell,,,,,,,,,,,
Bob Marston Band,Dave Crenshaw,,,,,,,,,,,
Bob Marston Band,Eric Onimus,,,,,,,,,,,
Bonus Round,Gary Wheat,,,,,,,,,,,
Bonus Round,Chad Fisher,,,,,,,,,,,
Bonus Round,Abe Becker,,,,,,,,,,,
Bonus Round,Allen Stone,,,,,,,,,,,
Bonus Round,Mark Lanter,,,,,,,,,,,
Bonus Round,Jackie Young,,,,,,,,,,,
Bonus Round,Brent McCollough,,,,,,,,,,,
Bonus Round,Peyton Grant,,,,,,,,,,,
Bourbon & Bleach,"Bobby ""Hurricane"" Harrison",,,,,,,,,,,
Bourbon & Bleach,Brian Haynes,,,,,,,,,,,
Bourbon & Bleach,Eric Onimus,,,,,,,,,,,
Bourbon & Bleach,Robert O'Neal,,,,,,,,,,,
Bourbon & Bleach,Jesse Suttle,,,,,,,,,,,
Branded X,Eric Hilgendorf,,,,,,,,,,,
Branded X,Brandon Morris,,,,,,,,,,,
Branded X,Vaiden Jones,,,,,,,,,,,
Branded X,Daniel Kelly,,,,,,,,,,,
Brothers' Kin,Drew Kuehner,,,,,,,,,,,
Brothers' Kin,Brad Kuehner,,,,,,,,,,,
Burning Bridges,John Armstrong,,,,,,,,,,,
Burning Bridges,Cary Britnell,,,,,,,,,,,
Burning Bridges,Marcus Mathews,,,,,,,,,,,
Burning Bridges,Mathew Wadsworth,,,,,,,,,,,
Burning Vinyl,Terje Dokland,,,,,,,,,,,
Burning Vinyl,Fred Panning,,,,,,,,,,,
Burning Vinyl,Trey McClure,,,,,,,,,,,
Burning Vinyl,Jason Fondren,,,,,,,,,,,
Caddle,Phillip Hyde,,,,,,,,,,,
Caddle,Eric Watters,,,,,,,,,,,
Caddle,Jimmie Finney,,,,,,,,,,,
Caddle,Chris Pottraz,,,,,,,,,,,
Caddle,Gary Edmonds,,,,,,,,,,,
Cahaba,Austin Jones,,,,,,,,,,,
Cahaba,Oliver Stansell,,,,,,,,,,,
Cahaba,Ryan Brown,,,,,,,,,,,
Capsized,Mike Gaut,,,,,,,,,,,
Capsized,Billy Luttrell,,,,,,,,,,,
Capsized,Tommy Palladino,,,,,,,,,,,
Capsized,Jason Odom,,,,,,,,,,,
Capsized,Jacob Middlebrooks,,,,,,,,,,,
Capsized,Jake Middlebrooks,,,,,,,,,,,
Cardholder Services,Patrick Summey,,,,,,,,,,,
Kill, Baby...Kill!,,,,,,,,,,,
Kill, Baby...Kill!,,,,,,,,,,,
Kill, Baby...Kill!,,,,,,,,,,,
Kill, Baby...Kill!,,,,,,,,,,,
Koverdown,Jeff Zimmermann,,,,,,,,,,,
KYLE,David Smith,,,,,,,,,,,
KYLE,Matt Perkins,,,,,,,,,,,
KYLE,Benjamin Giles,,,,,,,,,,,
KYLE,Brandon Lett,,,,,,,,,,,
Kyle Weems,Kyle Weems,,,,,,,,,,,
Kyndle London,Kyndle London,,,,,,,,,,,
Ladies' Night Out,Debbie Medenica,,,,,,,,,,,
Ladies' Night Out,Anne Bell-Alford,,,,,,,,,,,
Ladies' Night Out,Janet Ort,,,,,,,,,,,
Ladies' Night Out,Sally Reilly,,,,,,,,,,,
Ladies' Night Out,Karen Shadinger,,,,,,,,,,,
Lady and The Tramps,Carol Downey,,,,,,,,,,,
Lady and The Tramps,John Taylor,,,,,,,,,,,
Lady and The Tramps,Haze Hopper,,,,,,,,,,,
Lady and The Tramps,Robert Brantley,,,,,,,,,,,
Lady and The Tramps,Daniel Western,,,,,,,,,,,
Lady and The Tramps,Mike Lingo,,,,,,,,,,,
Lady and The Tramps,Bryan Capps,,,,,,,,,,,
Lake Lyon,Nathan Cerice,,,,,,,,,,,
Lake Lyon,Austin Motlow,,,,,,,,,,,
Lake Lyon,Sam Gilmore,,,,,,,,,,,
Lake Lyon,Trevor Page,,,,,,,,,,,
Lake Lyon,Mario Butler,,,,,,,,,,,
lauren krothe,lauren krothe,,,,,,,,,,,
Let's Move Mountains,Ryan Wilbanks,,,,,,,,,,,
Let's Move Mountains,Spencer Hamme,,,,,,,,,,,
Let's Move Mountains,Jeff Grodi,,,,,,,,,,,
Let's Move Mountains,Chris Locarno,,,,,,,,,,,
Let's Move Mountains,London Pendergrass,,,,,,,,,,,
Let's Move Mountains,Rhett Randolph,,,,,,,,,,,
Leviathan State,Seth Beckham,,,,,,,,,,,
Leviathan State,Geoff Calhoun,,,,,,,,,,,
Leviathan State,Steve Krothe,,,,,,,,,,,
Leviathan State,Nick Phillips,,,,,,,,,,,
Leviathan State,Shane Wynn,,,,,,,,,,,
Life,Jarred Melton,,,,,,,,,,,
Life,Michael Collier,,,,,,,,,,,
Life,Kelly Sloan,,,,,,,,,,,
Liquid Brick,Keith Goodwin,,,,,,,,,,,
Liquid Brick,Shea Goodwin,,,,,,,,,,,
Liquid Brick,Scott Looney,,,,,,,,,,,
Liquid Brick,Barry Thomas,,,,,,,,,,,
Liquid Brick,Jeff McLeod,,,,,,,,,,,
Liquid Brick,Chad Baker,,,,,,,,,,,
Little House,Tom Hontzas,,,,,,,,,,,
Little House,Eric Barr,,,,,,,,,,,
Little House,Axel Barron,,,,,,,,,,,
Little House,Roy Romano,,,,,,,,,,,
Little Raine Band,Davis Little -lead guitar/vocals,,,,,,,,,,,
Little Raine Band,DeVonte Hutchins- Drums,,,,,,,,,,,
Little Raine Band,Daniel Raine- Guitar/keys/synth/harmonica/lead vocals,,,,,,,,,,,
Little Raine Band,Isaiah Smith- Bass Guitar,,,,,,,,,,,
LNLY WLVS,Kyle Humphrey,,,,,,,,,,,
LNLY WLVS,Matt Pike,,,,,,,,,,,
Looksy,Daniel Ingram,,,,,,,,,,,
Looksy,Rob Keating,,,,,,,,,,,
Looksy,John Laing,,,,,,,,,,,
Looksy,Kyle Posten,,,,,,,,,,,
LOOSE CANNON,Michael Cannon,,,,,,,,,,,
Low Frequency Buzz,Matt Morris,,,,,,,,,,,
Low Frequency Buzz,Rikki Skelton,,,,,,,,,,,
Low Frequency Buzz,Anthony Gallagher,,,,,,,,,,,
Magnetic Elite,Tyler Diuguid,,,,,,,,,,,
Magnetic Elite,Will Cash,,,,,,,,,,,
Magnetic Elite,Nic Herring,,,,,,,,,,,
Magnetic Elite,Josh Butler,,,,,,,,,,,
Mandi Rae,Warren Amos,,,,,,,,,,,
Mandi Rae,Mandi Rae,,,,,,,,,,,
Mandi Rae,Lance Hayes,,,,,,,,,,,
Mandi Rae,Alex Hinson,,,,,,,,,,,
Mandi Rae,Lance Hays,,,,,,,,,,,
MANISH G.O.M.,DJ MANISH,,,,,,,,,,,
Matt Carroll and the Browncoats,Allen Stone,,,,,,,,,,,
Matt Carroll and the Browncoats,Eddie Gray,,,,,,,,,,,
Matt Carroll and the Browncoats,Aaron Branson,,,,,,,,,,,
Matt Carroll and the Browncoats,Doug Barnwell,,,,,,,,,,,
Matt Carroll and the Browncoats,Chris Miller,,,,,,,,,,,
Matt Carroll and the Browncoats,Dave Bark,,,,,,,,,,,
Matt Carroll and the Browncoats,Russell Blackburn,,,,,,,,,,,
Matthew McClain Band,Various,,,,,,,,,,,
Max Greene,Max Greene,,,,,,,,,,,
Miss Information Age,Patrick Summey,,,,,,,,,,,
Monk & Amos,Warren Amos,,,,,,,,,,,
Monk & Amos,Mathew Monk,,,,,,,,,,,
More Cowbell,Tony Middleton,,,,,,,,,,,
More Cowbell,Brian Smith,,,,,,,,,,,
More Cowbell,James Tunnell,,,,,,,,,,,
More Cowbell,Hank Briley,,,,,,,,,,,
More Cowbell,Steven Rockett,,,,,,,,,,,
Morning High,Matthew Lee Hancock,,,,,,,,,,,
Moth Face,Tim Boykin,,,,,,,,,,,
Moth Face,Skohti Hamilton,,,,,,,,,,,
Moth Face,Allen Eaton,,,,,,,,,,,
My Own Demise,Michael Ramey,,,,,,,,,,,
My Own Demise,Keith Eady,,,,,,,,,,,
My Own Demise,Jason Upchurch,,,,,,,,,,,
My Own Demise,Randall Dison,,,,,,,,,,,
Nat B and the Boys,Nathan Polk,,,,,,,,,,,
Nat B and the Boys,Jesse Armstrong,,,,,,,,,,,
Nat B and the Boys,Derek Bowles,,,,,,,,,,,
Nat B and the Boys,Noah Wimberly,,,,,,,,,,,
Nat B and the Boys,Joe D'Alessandro,,,,,,,,,,,
Nathan Peek & The New Thread,Hank Jones,,,,,,,,,,,
Nathan Peek & The New Thread,Casey Patton,,,,,,,,,,,
Nathan Peek & The New Thread,Jason Vickers,,,,,,,,,,,
Nationwide Coverage Band,Matt Casey,,,,,,,,,,,
Nationwide Coverage Band,Phil Yochum,,,,,,,,,,,
Nationwide Coverage Band,Taylor Propp,,,,,,,,,,,
Nationwide Coverage Band,Mart Avant,,,,,,,,,,,
Nationwide Coverage Band,Richard Daviston,,,,,,,,,,,
Nationwide Coverage Band,O Z Hall,,,,,,,,,,,
Nationwide Coverage Band,Peyton Grant,,,,,,,,,,,
Nationwide Coverage Band,Van Hollingsworth,,,,,,,,,,,
NeoSolstice,Wes Brokus,,,,,,,,,,,
NeoSolstice,Jeff Disko,,,,,,,,,,,
NeoSolstice,Noah Galanti,,,,,,,,,,,
Night Flight Big Band,Mart Avant,,,,,,,,,,,
Night Flight Big Band,Annie McClendon,,,,,,,,,,,
Night Flight Big Band,Steve Collins,,,,,,,,,,,
Night Flight Big Band,Sam Williams,,,,,,,,,,,
Night Flight Big Band,Gary Wheat,,,,,,,,,,,
Night Flight Big Band,Richard Daviston,,,,,,,,,,,
Night Flight Big Band,Thomas Furlough,,,,,,,,,,,
Night Flight Big Band,Coleman Woodson III,,,,,,,,,,,
Nina rat! Nina Rat!,Lauren Jones,,,,,,,,,,,
Nina rat! Nina Rat!,Steven Sartor,,,,,,,,,,,
Nina rat! Nina Rat!,Andrea Dilllingham,,,,,,,,,,,
Nina rat! Nina Rat!,Joel Nelson,,,,,,,,,,,
NOYOKO,Tony Wachter,,,,,,,,,,,
NOYOKO,Doug Lee,,,,,,,,,,,
NOYOKO,Chris Byars,,,,,,,,,,,
NOYOKO,Greg Gentry,,,,,,,,,,,
Platonic Onion,Joseph Higgins,,,,,,,,,,,
Platonic Onion,Penny Vinson,,,,,,,,,,,
Platonic Onion,Charles Vinson,,,,,,,,,,,
Platonic Onion,Paul Abbott,,,,,,,,,,,
Platonic Onion,Jason Dixon,,,,,,,,,,,
Platonic Onion,Kirby Russell,,,,,,,,,,,
Platonic Onion,Casey Frost,,,,,,,,,,,
Platonic Onion,John Schneible,,,,,,,,,,,
Pleasure Dusters,Matt Willis,,,,,,,,,,,
Pleasure Dusters,Sam Gunderson,,,,,,,,,,,
Pleasure Dusters,Johnny Kullinich,,,,,,,,,,,
Pleasure Dusters,David Keith,,,,,,,,,,,
Pony Kicks,Alyssa Hicks,,,,,,,,,,,
Pony Kicks,Matthew Tortorice,,,,,,,,,,,
Pudwich,John Bella,,,,,,,,,,,
Pudwich,Andrew Young,,,,,,,,,,,
Pudwich,Mike Johnson,,,,,,,,,,,
Pudwich,Said Lopez,,,,,,,,,,,
Pudwich,Etzar Cisneros,,,,,,,,,,,
Pyrite Parachute,Chip Dews,,,,,,,,,,,
Pyrite Parachute,Donnie Garvich,,,,,,,,,,,
Pyrite Parachute,Joey Howard,,,,,,,,,,,
Pyrite Parachute,Keith Weber,,,,,,,,,,,
Pyrite Parachute,Scott Housey,,,,,,,,,,,
Razzmatazz band,Henry Lovoy,,,,,,,,,,,
Razzmatazz band,Greg Brown,,,,,,,,,,,
Razzmatazz band,Mike Webber,,,,,,,,,,,
Razzmatazz band,Kenny Webber,,,,,,,,,,,
Red Mountain,Ben Guthrie,,,,,,,,,,,
Red Mountain,Dylan James,,,,,,,,,,,
Red Mountain,Jeremy Milam,,,,,,,,,,,
Red Mountain,Matt Smith,,,,,,,,,,,
Red Mountain,Billy Murphree,,,,,,,,,,,
Red Mountain Breeze,Chris Casey,,,,,,,,,,,
Red Mountain Breeze,Christian Herring,,,,,,,,,,,
Red Mountain Breeze,Rikki Skelton,,,,,,,,,,,
Red Mountain Breeze,Ryon Moncrief,,,,,,,,,,,
Red Mountain Breeze,Lisa Casey,,,,,,,,,,,
Redface,John Burke,,,,,,,,,,,
Redface,Ramy Nourredini,,,,,,,,,,,
Redface,Alan James,,,,,,,,,,,
Redface,Alex Hinson,,,,,,,,,,,
Results of Adults,Tym Cornell,,,,,,,,,,,
Results of Adults,Mary Cornell,,,,,,,,,,,
Results of Adults,Mark Beasley,,,,,,,,,,,
Results of Adults,Adam Guthrie,,,,,,,,,,,
Results of Adults,Matt Slocum,,,,,,,,,,,
Revivalist,Evan Haarbauer,,,,,,,,,,,
Revivalist,Seth Beckham,,,,,,,,,,,
Revivalist,Taylor Youngson,,,,,,,,,,,
Rick Carter,Rick Carter,,,,,,,,,,,
Rise Above,Kelsey Kyzer,,,,,,,,,,,
Rise Above,Kelton Clinner,,,,,,,,,,,
Rise Above,Lesland Clinner,,,,,,,,,,,
Rise Above,Heath Vining,,,,,,,,,,,
Rise Above,Kason Kyzer,,,,,,,,,,,
Rob Glen,Rob Glen,,,,,,,,,,,
Rollin' In The Hay,Rick Carter,,,,,,,,,,,
Rollin' In The Hay,Stan Foster,,,,,,,,,,,
Rollin' In The Hay,John Kulinich,,,,,,,,,,,
Rollin' In The Hay,Leif Bondarenko,,,,,,,,,,,
Royal & Toulouse,Milyn Little,,,,,,,,,,,
Royal & Toulouse,Milyn Satterfield Little,,,,,,,,,,,
Royal & Toulouse,Christian Herring,,,,,,,,,,,
Royal & Toulouse,Ricky Little,,,,,,,,,,,
Royal & Toulouse,Dylan Johnson,,,,,,,,,,,
Rus Spillis Band,Rus Spillis,,,,,,,,,,,
Rus Spillis Band,Jeremy Livingston,,,,,,,,,,,
Rus Spillis Band,Mitchell Levi,,,,,,,,,,,
Ryan Flynt,Ryan Flynt,,,,,,,,,,,
Ryan Flynt and the Motel Ice Machince,Ryan Flynt,,,,,,,,,,,
Ryan Flynt and the Motel Ice Machince,Andrew Brasfield,,,,,,,,,,,
Ryan Flynt and the Motel Ice Machince,Billy Long,,,,,,,,,,,
Ryan Flynt and the Motel Ice Machince,Rus Spillis,,,,,,,,,,,
Ryan Flynt and the Motel Ice Machince,Ford Boswell,,,,,,,,,,,
Ryan Flynt and the Motel Ice Machince,Redd Jones,,,,,,,,,,,
Sam Pointer,Sam Pointer,,,,,,,,,,,
Sarah Gosdin,Sarah Gosdin,,,,,,,,,,,
Sarah Green and The Sunday Lovers,Sarah Green,,,,,,,,,,,
Sarah Green and The Sunday Lovers,Sam Gunderson,,,,,,,,,,,
Sarah Green and The Sunday Lovers,Eric Onimus,,,,,,,,,,,
Sarah Green and The Sunday Lovers,Jackie Roche,,,,,,,,,,,
Sarah Green and The Sunday Lovers,Brett Huffman,,,,,,,,,,,
Scalici-Alley Project,Mtich Caponetto,,,,,,,,,,,
Secret Midnight Band,Casey Hitt,,,,,,,,,,,
Secret Midnight Band,Jeff Huett,,,,,,,,,,,
Secret Midnight Band,Dan Hargett,,,,,,,,,,,
Secret Midnight Band,Dan Rhodes,,,,,,,,,,,
Selling Mary,Todd Willoughby,,,,,,,,,,,
Selling Mary,Peter Tubbs,,,,,,,,,,,
Selling Mary,Adam Callaway,,,,,,,,,,,
Seoul,Matt Suddarth,,,,,,,,,,,
Seoul,JoJo Markel,,,,,,,,,,,
Seoul,Ben Smith,,,,,,,,,,,
Seoul,Joseph Foster,,,,,,,,,,,
serrasa,sami serrag,,,,,,,,,,,
Shades Mountain Jazz Orchestra,Garrett Neill,,,,,,,,,,,
Shellina Ryals,Shellina Ryals,,,,,,,,,,,
Simone Durand Trio,Simone Durand,,,,,,,,,,,
Simone Durand Trio,Dave Evans,,,,,,,,,,,
Simone Durand Trio,Ted Perry,,,,,,,,,,,
Sister Sniffle,Neeta K.,,,,,,,,,,,
SK5,James Clark,,,,,,,,,,,
SK5,Lane Sewell,,,,,,,,,,,
SK5,Michael Hill,,,,,,,,,,,
SK5,David Hulsey,,,,,,,,,,,
SK5,Gary Neighbors,,,,,,,,,,,
SK5,Danny Fravel,,,,,,,,,,,
Skeptic?,Barron,,,,,,,,,,,
Skeptic?,Richie,,,,,,,,,,,
Skeptic?,Weber,,,,,,,,,,,
Skeptic?,Jeff,,,,,,,,,,,
Skeptic?,Tim,,,,,,,,,,,
Slam Brigade,Jarred Melton,,,,,,,,,,,
Slam Brigade,Michael Collier,,,,,,,,,,,
Slam Brigade,Ramon Cardenas,,,,,,,,,,,
Slam Brigade,Justin William Bean,,,,,,,,,,,
Slang,Jason Mayo,,,,,,,,,,,
Slang,Allen Park,,,,,,,,,,,
Slang,Tim Ward,,,,,,,,,,,
Slang,Brian Jones,,,,,,,,,,,
Spores,Amber Locke,,,,,,,,,,,
Spores,Neeta K.,,,,,,,,,,,
Spores,Crystal Gibb,,,,,,,,,,,
Spores,Jeana Cobb,,,,,,,,,,,
Spores,Leah Hamby,,,,,,,,,,,
St. Paul and the Broken Bones,Paul Janeway,,,,,,,,,,,
St. Paul and the Broken Bones,Jesse Phillips,,,,,,,,,,,
St. Paul and the Broken Bones,Browan Lollar,,,,,,,,,,,
St. Paul and the Broken Bones,Andrew Lee,,,,,,,,,,,
St. Paul and the Broken Bones,Allen Branstetter,,,,,,,,,,,
St. Paul and the Broken Bones,Al Gamble,,,,,,,,,,,
St. Paul and the Broken Bones,Ben Griner,,,,,,,,,,,
Standard Candle,Josh Patrick,,,,,,,,,,,
Standard Candle,Brian Sunderman,,,,,,,,,,,
Standard Candle,Gary McKinney,,,,,,,,,,,
Standard Candle,Matt Bright,,,,,,,,,,,
Static Front,Ian Lee,,,,,,,,,,,
Static Front,Alex Peete,,,,,,,,,,,
Static Front,Brandon DeBalsi,,,,,,,,,,,
Static Front,Turtle White,,,,,,,,,,,
Static Front,Chancellor Crawford,,,,,,,,,,,
Steel City Jug Slammers,Jerrod Atkins,,,,,,,,,,,
Steel City Jug Slammers,Jacob Mathews,,,,,,,,,,,
Steel City Jug Slammers,Nick Bate,,,,,,,,,,,
Steel City Jug Slammers,Jeered Atkins,,,,,,,,,,,
Steel City Jug Slammers,Corey Medders,,,,,,,,,,,
Steel City Jug Slammers,Jacob Matthews,,,,,,,,,,,
Steel City Jug Slammers,Steven Bate,,,,,,,,,,,
Steel City Jug Slammers,Zac Peoples,,,,,,,,,,,
Steel City Sound,Terry Webster,,,,,,,,,,,
Steel City Sound,David Cowan,,,,,,,,,,,
Steel City Sound,Chuck King,,,,,,,,,,,
Steel City Sound,Jay Garrett,,,,,,,,,,,
Steel City Sound,Clay Alligood,,,,,,,,,,,
Steel City Sound,Eugene Bates,,,,,,,,,,,
Steel City Sound,Steve Collins,,,,,,,,,,,
Steel City Sound,Steve Garrett,,,,,,,,,,,
Steels,D. Charles Robinson,,,,,,,,,,,
Steels,Charles Robinson,,,,,,,,,,,
Steels,Justin West,,,,,,,,,,,
Steels,Brett Mitchell,,,,,,,,,,,
Steels,Gunner Carglie,,,,,,,,,,,
Steels,Gunner Cargile,,,,,,,,,,,
Steels,Scooter Lee,,,,,,,,,,,
Steve Rayborn,Steve Rayborn,,,,,,,,,,,
Stoned Cobra,James Wahl,,,,,,,,,,,
Stoned Cobra,Brad Reed,,,,,,,,,,,
Stoned Cobra,Josh Isley,,,,,,,,,,,
Stoned Cobra,Steve Krothe,,,,,,,,,,,
Streetkar,James Clark,,,,,,,,,,,
Streetkar,Lane Sewell,,,,,,,,,,,
Streetkar,Michael Hill,,,,,,,,,,,
Streetkar,David Hulsey,,,,,,,,,,,
Streetkar,Gary Neighbors,,,,,,,,,,,
Streetkar,Danny Fravel,,,,,,,,,,,
Streetkar,John Morris,,,,,,,,,,,
String Theory,Anne Donaldson,,,,,,,,,,,
String Theory,Niamh Tuohy Clarke,,,,,,,,,,,
String Theory,Melanie Rodgers,,,,,,,,,,,
String Theory,Avi Friedlander,,,,,,,,,,,
String Theory,Michael Glaser,,,,,,,,,,,
String Theory,Abe Becker,,,,,,,,,,,
Suburban Love Junkies,Finney James,,,,,,,,,,,
Suburban Love Junkies,Eric Watters,,,,,,,,,,,
Suburban Love Junkies,Jimmie Finney,,,,,,,,,,,
Suburban Love Junkies,Josh Moehr,,,,,,,,,,,
Suburban Love Junkies,Brant Benefield,,,,,,,,,,,
SugaBuzzz,Jarrod Cunningham,,,,,,,,,,,
SugaBuzzz,Bill Irvin,,,,,,,,,,,
SugaBuzzz,Tom Brown,,,,,,,,,,,
SugaBuzzz,Mike Eskew,,,,,,,,,,,
SugaBuzzz,Jason Bradley,,,,,,,,,,,
Sunquakes,Jeremy Burns,,,,,,,,,,,
Sunquakes,Miguel Martinez,,,,,,,,,,,
Sunquakes,Colin Soniat,,,,,,,,,,,
Sunquakes,James Kernan,,,,,,,,,,,
Sweet T and the Lemons,Matt Willis,,,,,,,,,,,
Sweet T and the Lemons,Taylor Hunnicutt,,,,,,,,,,,
Sweet T and the Lemons,Eric Onimus,,,,,,,,,,,
Sweet T and the Lemons,Dave Crenshaw,,,,,,,,,,,
Sweet T and the Lemons,Ford Boswell,,,,,,,,,,,
Syeel City Jug Slammers,Jerrod Atkins,,,,,,,,,,,
Syeel City Jug Slammers,Nick Bate,,,,,,,,,,,
Syeel City Jug Slammers,Steven Bate,,,,,,,,,,,
Syeel City Jug Slammers,Zac Peoples,,,,,,,,,,,
Syeel City Jug Slammers,Jacob Matthews,,,,,,,,,,,
Syeel City Jug Slammers,Corey Medders,,,,,,,,,,,
Teen Getaway,James P. Fahy,,,,,,,,,,,
Teen Getaway,Janet Simpson,,,,,,,,,,,
Teen Getaway,Andy Sizemore,,,,,,,,,,,
Teen Getaway,Spencer Shoults,,,,,,,,,,,
The All Star Stranglers,Ian Hoppe,,,,,,,,,,,
The All Star Stranglers,Miguel Martinez,,,,,,,,,,,
The All Star Stranglers,Kevin Nicholson,,,,,,,,,,,
The All Star Stranglers,Jeremy Burns,,,,,,,,,,,
The Amazing Live Seamonkeys,Rick Lovelady,,,,,,,,,,,
The Amazing Live Seamonkeys,Milton Moats,,,,,,,,,,,
The BeatLads,Lawton Higgs Jr.,,,,,,,,,,,
The BeatLads,Jamie Glass,,,,,,,,,,,
The BeatLads,Kevin Higgs,,,,,,,,,,,
The BeatLads,Daryl Hardy,,,,,,,,,,,
The BeatLads,Brian Westbrook,,,,,,,,,,,
The Bill Ledbetter Project,Bill Ledbetter,,,,,,,,,,,
The Bill Ledbetter Project,Joe Ledbetter,,,,,,,,,,,
The Bill Ledbetter Project,John English,,,,,,,,,,,
The Bill Ledbetter Project,Matt Brennan,,,,,,,,,,,
The Black Jacket Symphony,Allen Barlow,,,,,,,,,,,
The Black Jacket Symphony,Allen Stone,,,,,,,,,,,
The Black Jacket Symphony,Bryan Gibson,,,,,,,,,,,
The Black Jacket Symphony,Peyton Grant,,,,,,,,,,,
The Black Jacket Symphony,Aaron Branson,,,,,,,,,,,
The Black Jacket Symphony,J Willoughby,,,,,,,,,,,
The Black Jacket Symphony,Buck Johnson,,,,,,,,,,,
The Black Jacket Symphony,Bent McCollough,,,,,,,,,,,
The Black Power Ranger,Joel Nelson,,,,,,,,,,,
The Black Power Ranger,Chris Olsen,,,,,,,,,,,
The Black Power Ranger,Eric Stein,,,,,,,,,,,
The Braineaters,Ian Hoppe,,,,,,,,,,,
The Braineaters,Miguel Martinez,,,,,,,,,,,
The Braineaters,Ryan Morrison,,,,,,,,,,,
The Braineaters,Jonathan Sansom,,,,,,,,,,,
The Burning Peppermints,Jake Wittig,,,,,,,,,,,
The Burning Peppermints,Breely Flower,,,,,,,,,,,
The Burning Peppermints,Walker Scott,,,,,,,,,,,
The Butt Pluggers,Gustaf Robertson,,,,,,,,,,,
The Butt Pluggers,Nicollette Patch,,,,,,,,,,,
The Butt Pluggers,Doctor Pepper,,,,,,,,,,,
The Butt Pluggers,Cleo Cleo,,,,,,,,,,,
The Cyanotics,Kevin Nicholson,,,,,,,,,,,
The Cyanotics,Peter Szelenbaum,,,,,,,,,,,
The Daughters,Christina Linard,,,,,,,,,,,
The Daughters,September Reed,,,,,,,,,,,
The Dozens,Shelley Butler,,,,,,,,,,,
The Dozens,Steven Butler,,,,,,,,,,,
The Dozens,Travis Posey,,,,,,,,,,,
The Dozens,Chip Dews,,,,,,,,,,,
The Dozens,Brent Irvin,,,,,,,,,,,
The Dozens,Dan Hocter,,,,,,,,,,,
The Elijah Butler Band,Josh Butler,,,,,,,,,,,
The Elijah Butler Band,Gary Edmonds,,,,,,,,,,,
The Elijah Butler Band,Jimmy Finney,,,,,,,,,,,
The Elijah Butler Band,Eric Simmons,,,,,,,,,,,
The Even Steven Duo,Bryan Price,,,,,,,,,,,
The Even Steven Duo,Stephen Wheeler,,,,,,,,,,,
The Exhibit(s),Eric McGinty,,,,,,,,,,,
The Exhibit(s),Carlos Pino,,,,,,,,,,,
The Exhibit(s),Kenn McCracken,,,,,,,,,,,
The Exhibit(s),Chance Shirley,,,,,,,,,,,
The Freakin Weekend Crew,Dirty D'jon,,,,,,,,,,,
The Freakin Weekend Crew,Nutty Brown,,,,,,,,,,,
The Freakin Weekend Crew,Dr Freakinstein,,,,,,,,,,,
The Freakin Weekend Crew,The LMK,,,,,,,,,,,
The Freakin Weekend Crew,S*** Biscuit,,,,,,,,,,,
The Freakin Weekend Crew,The Duke,,,,,,,,,,,
The Freakin Weekend Crew,Queen L'Crittah,,,,,,,,,,,
The Freakin Weekend Crew,King Shaka,,,,,,,,,,,
The Glass jars,Shawna Ross,,,,,,,,,,,
The Glass jars,Mollie McFarland,,,,,,,,,,,
The Glass jars,Jeremy Tidmore,,,,,,,,,,,
The Glass jars,Steve Lucas,,,,,,,,,,,
The Headlights,George Scherer,,,,,,,,,,,
The Headlights,Ryan Flynt,,,,,,,,,,,
The Heavy Hearts,Lauren-Michael Sellers,,,,,,,,,,,
The Heavy Hearts,Zac Baldwin,,,,,,,,,,,
The Heavy Hearts,Brian Hippensteel,,,,,,,,,,,
The Heavy Hearts,Josh Hicks,,,,,,,,,,,
The High Fidelics,Robert Huffman,,,,,,,,,,,
The HIGH FIDELICS,Jeff Waites,,,,,,,,,,,
The High Fidelics,Ken Adams,,,,,,,,,,,
The High Fidelics,Edwin Cleverdon,,,,,,,,,,,
The HIGH FIDELICS,Edwin Cleverden,,,,,,,,,,,
The M-80s,Erin Black,,,,,,,,,,,
The M-80s,Glenn Freeman,,,,,,,,,,,
The M-80s,Larry Gambrill,,,,,,,,,,,
The M-80s,Mike Tucker,,,,,,,,,,,
The M-80s,Michael Weidenbach,,,,,,,,,,,
The Magnetic Elite,Will Cash,,,,,,,,,,,
The Magnetic Elite,Nic Herring,,,,,,,,,,,
The Magnetic Elite,Tyler Duiguid,,,,,,,,,,,
The Magnetic Elite,Aaron Branson,,,,,,,,,,,
The Maisleys,Brian C. Moon,,,,,,,,,,,
The Maisleys,Jill Deaver,,,,,,,,,,,
The Maisleys,Andy Sizemore,,,,,,,,,,,
The Maisleys,Chance Shirley,,,,,,,,,,,
The Maisleys,Jason Kuykendall,,,,,,,,,,,
The New Hooteneers,Joe Ray,,,,,,,,,,,
The New Hooteneers,Buddy Stith,,,,,,,,,,,
The New Hooteneers,Ricky Stone,,,,,,,,,,,
The New Hooteneers,Mary Anne Stone,,,,,,,,,,,
The New Masters of Evil,Wes Persons,,,,,,,,,,,
The New Masters of Evil,Lee Kader,,,,,,,,,,,
The New Masters of Evil,Andrew Paullus,,,,,,,,,,,
The New Masters of Evil,Josh Jarvis,,,,,,,,,,,
The New Masters of Evil,Frank Walker,,,,,,,,,,,
The Old Paints,Andy Harris,,,,,,,,,,,
The Old Paints,Breely Flower,,,,,,,,,,,
The Old Paints,Virginia Phillips,,,,,,,,,,,
The Old Paints,Mitch Guenther,,,,,,,,,,,
The ORIGINAL SHAKE CHARMERS,Lars Espensen,,,,,,,,,,,
The ORIGINAL SHAKE CHARMERS,Jeff Waites,,,,,,,,,,,
The ORIGINAL SHAKE CHARMERS,Ronnie Lee Gipson,,,,,,,,,,,
The ORIGINAL SHAKE CHARMERS,Luke Freeman,,,,,,,,,,,
The Peytones,Peyton Grant,,,,,,,,,,,
The Peytones,Aaron Branson,,,,,,,,,,,
The Peytones,Allen Barlow,,,,,,,,,,,
The Peytones,Mark Lanter,,,,,,,,,,,
The Primitive Talk,John Tyler Smith,,,,,,,,,,,
The Primitive Talk,Nicholas Alexander Schefano,,,,,,,,,,,
The Primitive Talk,Steven Christopher Perrine,,,,,,,,,,,
The SBGs,Sarah Green,,,,,,,,,,,
The SBGs,Sam Gunderson,,,,,,,,,,,
The Spook House Saints,Jonathan Mayhall,,,,,,,,,,,
The Spook House Saints,Diana Mayhall,,,,,,,,,,,
The Steele Sisters,Mary Arvin,,,,,,,,,,,
The Steele Sisters,Lauren Jones,,,,,,,,,,,
The Steele Sisters,Rebekah Lifer,,,,,,,,,,,
The Steele Sisters,Mike Parrott,,,,,,,,,,,
The Stephen McCullough Band,Stephen McCullough,,,,,,,,,,,
The Stephen McCullough Band,Will Cash,,,,,,,,,,,
The Stephen McCullough Band,Dave Bark,,,,,,,,,,,
The Switch,Daniel McCabe,,,,,,,,,,,
The Switch,Will Hopkins,,,,,,,,,,,
The Switch,Tim Harris,,,,,,,,,,,
The Switch,Ashley Roberts,,,,,,,,,,,
The Threeloaders,Tony Middleton,,,,,,,,,,,
The Threeloaders,Nora Middleton,,,,,,,,,,,
The Threeloaders,James Tunnell,,,,,,,,,,,
THE TICKS,Ed Reynolds,,,,,,,,,,,
THE TICKS,Judy Ranelli,,,,,,,,,,,
THE TICKS,Carey Jacks,,,,,,,,,,,
THE TICKS,Cindy Camp,,,,,,,,,,,
The Troubadours,Mike Buchanan,,,,,,,,,,,
The Troubadours,Brent Warren,,,,,,,,,,,
THE TURN,Stephen Hiott,,,,,,,,,,,
THE TURN,Charles Green,,,,,,,,,,,
THE TURN,Phil Nero,,,,,,,,,,,
THE TURN,Drew Lankford,,,,,,,,,,,
The Twin Heart Trap,Jeff Johnson,,,,,,,,,,,
The Twin Heart Trap,Brian Culverhouse,,,,,,,,,,,
The Twin Heart Trap,Josh Trimble,,,,,,,,,,,
The Westeroes,Craig McRee,,,,,,,,,,,
The Westeroes,Jarred McCaffery,,,,,,,,,,,
The Westeroes,Daniel Coffey,,,,,,,,,,,
The Wisdom,Gary Justiss,,,,,,,,,,,
The Yahoos Stringband,Carter Laney,,,,,,,,,,,
The Yahoos Stringband,Charlie Hunter,,,,,,,,,,,
The Yahoos Stringband,Doug Davis,,,,,,,,,,,
The Yahoos Stringband,Lee Sproull,,,,,,,,,,,
The Yahoos Stringband,Jacob Graves,,,,,,,,,,,
The Yahoos Stringband,JoAnna Laney,,,,,,,,,,,
Them Natives,Justin lee,,,,,,,,,,,
THEREALJOECLARK,THEREALJOECLARK,,,,,,,,,,,
Thick As Thieves,Warren Amos,,,,,,,,,,,
Thick As Thieves,Jonathan Breland,,,,,,,,,,,
Thick As Thieves,Brandon Porter,,,,,,,,,,,
Thick As Thieves,Kevin Russell,,,,,,,,,,,
Thomas Henry Band,Mark T Mizzell,,,,,,,,,,,
Thomas Henry Band,Ben Guthrie,,,,,,,,,,,
Thomas Henry Band,Randy Wyatt,,,,,,,,,,,
Thomas Henry Band,Allan Nettles,,,,,,,,,,,
Thomas Henry Band,Mike Hill,,,,,,,,,,,
Thomas Henry Band,Stan Muse,,,,,,,,,,,
Thomas Trussell / aka Miles,Thomas Trussell,,,,,,,,,,,
Throne of Eden,Carmen Michael Childers,,,,,,,,,,,
Throne of Eden,Justin Tyme Harris,,,,,,,,,,,
Throne of Eden,Kyle Stough,,,,,,,,,,,
Throne of Eden,Cody Eldred,,,,,,,,,,,
Throng of Shoggoths,John Bella,,,,,,,,,,,
Throng of Shoggoths,Andrew Young,,,,,,,,,,,
Throng of Shoggoths,Deon Wills,,,,,,,,,,,
Throng of Shoggoths,Said L¢pez,,,,,,,,,,,
Throng of Shoggoths,Etzar Cisneros,,,,,,,,,,,
Tim Boykin Blues Band,Tim Boykin,,,,,,,,,,,
Tim Boykin Blues Band,Don Tinsley,,,,,,,,,,,
Tim Boykin Blues Band,Billy Wilkes,,,,,,,,,,,
Tm Wolfe,Mark Lanter,,,,,,,,,,,
Tm Wolfe,Chris Kozak,,,,,,,,,,,
Todd Simpson and Mojo Child,Todd Simpson,,,,,,,,,,,
Todd Simpson and Mojo Child,Wes Simpson,,,,,,,,,,,
Todd Simpson and Mojo Child,David Burks,,,,,,,,,,,
Todd Simpson and Mojo Child,Kyle Butler,,,,,,,,,,,
Todd Simpson and Mojo Child,Regi Yarbrough,,,,,,,,,,,
Todd Simpson Duo,Todd Simpson,,,,,,,,,,,
Todd Simpson Duo,Wes Simpson,,,,,,,,,,,
Tommy Crowder and Crossroads Junction,Tommy Crowder,,,,,,,,,,,
Tommy Crowder and Crossroads Junction,Don Hecklinski,,,,,,,,,,,
Tommy Crowder and Crossroads Junction,Sammy Pierce,,,,,,,,,,,
Tommy Crowder and Crossroads Junction,James Royster,,,,,,,,,,,
Tommy Crowder and Crossroads Junction,Michael Reid,,,,,,,,,,,
Tommy Trumpet,Tommy Bowen,,,,,,,,,,,
Tonal Vision,Jason Bailey,,,,,,,,,,,
Tonal Vision,Jeremy Burns,,,,,,,,,,,
Tonal Vision,Lane McGiboney,,,,,,,,,,,
Tonal Vision,Colin Soniat,,,,,,,,,,,
Tradewinds,Carol Downey,,,,,,,,,,,
Tradewinds,John,,,,,,,,,,,
Tradewinds,John Taylor,,,,,,,,,,,
Tradewinds,Haze Hopper,,,,,,,,,,,
Tradewinds,Robert Brantley,,,,,,,,,,,
Tragic City,Tommy Bowen,,,,,,,,,,,
Tragic City,Martin Castor,,,,,,,,,,,
Tragic City,Will Cash,,,,,,,,,,,
Tragic City,CJ Griffith,,,,,,,,,,,
Tragic City,Jordan Miller,,,,,,,,,,,
Trapaw,Jeffery Neill,,,,,,,,,,,
Trapaw,William  Ambridge,,,,,,,,,,,
Tricky Sixx,Tony Middleton,,,,,,,,,,,
Tricky Sixx,Nora Middleton,,,,,,,,,,,
Tricky Sixx,James Tunnell,,,,,,,,,,,
Tricky Sixx,Greg Lusco,,,,,,,,,,,
Tricky Sixx,Brian Smith,,,,,,,,,,,
Tricky Sixx,Doug Hall,,,,,,,,,,,
True Blue,Christian Herring,,,,,,,,,,,
True Blue,Bob Marston,,,,,,,,,,,
True Blue,Dylan Johnson,,,,,,,,,,,
Tuscaloosa Horns,Mart Avant,,,,,,,,,,,
Tuscaloosa Horns,Chris Gordon,,,,,,,,,,,
Tuscaloosa Horns,Kelley O'Neal,,,,,,,,,,,
Tuscaloosa Horns,Steve Black,,,,,,,,,,,
Tuscaloosa Horns,Jon Noffsinger,,,,,,,,,,,
Tuscaloosa Horns,Demondrae Thurman,,,,,,,,,,,
Tuscaloosa Horns,Richard Daviston,,,,,,,,,,,
Tuscaloosa Horns,Jim Moeller,,,,,,,,,,,
Tux Shop Hero,Aaron Branson,,,,,,,,,,,
Tux Shop Hero,Britt Hendrix,,,,,,,,,,,
Tux Shop Hero,Matt Carroll,,,,,,,,,,,
Tux Shop Hero,Will Cash,,,,,,,,,,,
Tux Shop Hero,Peyton Grant,,,,,,,,,,,
Tux Shop Hero,Eddie Gray,,,,,,,,,,,
Two State Nation,Shellina Ryals,,,,,,,,,,,
Two State Nation,Steven Ryals,,,,,,,,,,,
Two State Nation,Jesslyn Parmley,,,,,,,,,,,
Two State Nation,Amanda Miller,,,,,,,,,,,
Two State Nation,Isaac Mixon,,,,,,,,,,,
UNCHAIN THE MELODY,Clint Chalkley,,,,,,,,,,,
UNCHAIN THE MELODY,Daniel Day Mcsweeney,,,,,,,,,,,
UNCHAIN THE MELODY,Michael D. Callahan,,,,,,,,,,,
UNCHAIN THE MELODY,Rick Lovelady,,,,,,,,,,,
UNCHAIN THE MELODY,Melody Musick,,,,,,,,,,,
Vawter,Christopher Vawter Stewart,,,,,,,,,,,
Waiting For Portland,Charlie Barrett,,,,,,,,,,,
Waiting For Portland,James Akers,,,,,,,,,,,
Wes & Greg (WAG),Wes Day,,,,,,,,,,,
Wes & Greg (WAG),Greg Neal,,,,,,,,,,,
WHEEL,William Ellison,,,,,,,,,,,
Whiskeys,Jason Mann,,,,,,,,,,,
Whiskeys,Arthur Kaplan,,,,,,,,,,,
Whiskeys,Andrew Kaplan,,,,,,,,,,,
Whompus Cats,Walon Smith,,,,,,,,,,,
Whompus Cats,Tim Boykin,,,,,,,,,,,
Whompus Cats,Leif Bondarenko,,,,,,,,,,,
Whompus Cats,Ken Adams,,,,,,,,,,,
Wilder Adkins,Wilder Adkins,,,,,,,,,,,
Wilder Adkins,Justin Cross,,,,,,,,,,,
Wilder Adkins,Luke Sides,,,,,,,,,,,
Wilder Adkins,James Mullis,,,,,,,,,,,
Will Hawley,Will Hawley,,,,,,,,,,,
Within Reason,David Koonce,,,,,,,,,,,
Within Reason,Chris Dow,,,,,,,,,,,
Within Reason,Griffin Zarbough,,,,,,,,,,,
Within Reason,Jordan Foster,,,,,,,,,,,
Woochega,Mitch Guenther,,,,,,,,,,,
Woochega,Chris Yarbrough,,,,,,,,,,,
Woochega,Rose Yarbrough,,,,,,,,,,,
Woochega,TJ Calloway,,,,,,,,,,,
Woochega,Alex Hinson,,,,,,,,,,,
Zach + Cheyloe,Zach Austin,,,,,,,,,,,
Zach + Cheyloe,Cheyloe Martin,,,,,,,,,,,
ZARINAH & The ZARATANS,Zarinah Shahid,,,,,,,,,,,
ZARINAH & The ZARATANS,Jeff Waites,,,,,,,,,,,
ZARINAH & The ZARATANS,Robert Russom,,,,,,,,,,,
ZARINAH & The ZARATANS,Eric Long,,,,,,,,,,,
ZARINAH & The ZARATANS,Luke Freeman,,,,,,,,,,,
???,Thomas Woodham,,,,,,,,,,,
