Member,Band
George Dudley,2Blu And The Lucky Stiffs
Bruce Andrews,2Blu And The Lucky Stiffs
Dave Gowens,2Blu And The Lucky Stiffs
Jack Dudley,2Blu And The Lucky Stiffs
Steve Ramos,2Blu And The Lucky Stiffs
Matt Wiley,2Blu And The Lucky Stiffs
Dave Crenshaw,2Blu And The Lucky Stiffs
Mary Glenn Christopher,7th Avenue South
Eric Crowe,7th Avenue South
John Drums,7th Avenue South
Todd Pickard,7th Avenue South
Bruce Spiller,7th Avenue South
Bart Styes,7th Avenue South
Carly Black,A Touch Of Black
Tim Kelly,A Touch Of Black
Mike Hawkins,A Touch Of Black
Adam Guthrie,ADAMADAM
Tym Cornell,ADAMADAM
David Hornbuckle,ADAMADAM
Aaron Hathcock,ADAMADAM
Cody Webb,Ages Apart
Chris Srygley,Ages Apart
Will Bradley,Ages Apart
Alexa Burroughs,Alexa Burroughs
Rob Avram,Alexa Rankin
Josh Jordan,Alpha Groove
Joel Kauffman,Alpha Groove
Dave Bark,Alpha Groove
Taylor Propp,Alpha Groove
Dan Tidwell,Alpha Groove
Price Mason,Amen Corner
Alex Mason,Amen Corner
Riley Scruggs,Amen Corner
Artie Hanes,Artie Hanes
Marc Davis,As a Nation Dies
Woody,As a Nation Dies
Micheal Dollar,As a Nation Dies
Ashley Roberts,Ashley and the Keepers
Martin Castor,Ashley and the Keepers
John Nuckols,Ashley and the Keepers
Mason McFarland,Ashley and the Keepers
Christopher Anderson,Ashley and the Keepers
Chris Allison,Ashley and the Keepers
Jacob Edwards,Ashley and the Keepers
Taylor Goodwin,Ashley and the Keepers
Drew Kuehner,Atticus Avenue
Stephen Wade,Atticus Avenue
Billy Rigdon,Atticus Avenue
Brad Kuehner,Atticus Avenue
Allen Eaton,Avavago
Tim Boykin,Avavago
Josh Jarvis,Avavago
Sa¡d L¢pez,Avavago
Chance Bridges,Balcony View
Craig McRee,Bands With Managers
AJ Beavers,Beavers Brothers Band
Warren Amos,Beavers Brothers Band
Taylor Hollingsworth,Beavers Brothers Band
Michael Shackleford,Beavers Brothers Band
Randy Wyatt,Beavers Brothers Band
Macey Taylor,Beavers Brothers Band
Josh Jones,Beitthemeans
Nathan Kelley,Beitthemeans
Casey Wilson,Beitthemeans
Evan Haarbauer,Bell Weather
Melissa Hunt,Bell Weather
Nick Phillips,Bell Weather
Mark T Mizzell,Ben Guthrie and Mark Mizzell
Ben Guthrie,Ben Guthrie and Mark Mizzell
Ben Nelson,Ben Nelson
Faith Harper,Bentwood Revival
Larry Bradford,Bentwood Revival
Selwyn Spaulding,Bentwood Revival
Charlotte Guffin,Bentwood Revival
Frank A Ranelli,Big Daddy's New Band
Chris Rothe,Big Daddy's New Band
Benita Parsons,Big Daddy's New Band
Harold Sudderth,Big Daddy's New Band
Mike J Hill,Big Daddy's New Band
Mike Lingo,Big Daddy's New Band
Dwight Houston,Big Daddy's New Band
Seah Fahey,BIGGIEVSTUPAC
Lance Hays,BIGGIEVSTUPAC
Matt Seward,BIGGIEVSTUPAC
Timothy Frazier,BIGGIEVSTUPAC
Seth Richardson,BirdWeek
Gary Brown,BirdWeek
Mollie McFarland,BirdWeek
Bradford Sims,BirdWeek
Keith Weber,BirdWeek
Peyton Grant,Black Jacket Symphony
J. Willoughby,Black Jacket Symphony
Mark Lanter,Black Jacket Symphony
Aaron Branson,Black Jacket Symphony
Allen Barlow,Black Jacket Symphony
Bryan Gibson,Black Jacket Symphony
Buck Johnson,Black Jacket Symphony
Brad Wolfe,Black Jacket Symphony
Bryan Arant,Blood and Brutality
Rev,Blood and Brutality
Max Rains,Blood and Brutality
Josh Jarvis,Blood and Brutality
Blake Ellis,Blue Notes Trio
Gary Cramer,Blue Notes Trio
Andrew Malinoski,Blue Notes Trio
Adam Purvis,Bob Marston
Bob Marston,Bob Marston
Bob Marston,Bob Marston Band
Adam Purvis,Bob Marston Band
Ford Boswell,Bob Marston Band
Dave Crenshaw,Bob Marston Band
Eric Onimus,Bob Marston Band
Gary Wheat,Bonus Round
Abe Becker,Bonus Round
Chad Fisher,Bonus Round
Mark Lanter,Bonus Round
Allen Stone,Bonus Round
Jackie Young,Bonus Round
Drew Kuehner,Brothers' Kin
Brad Kuehner,Brothers' Kin
John Armstrong,Burning Bridges
Cary Britnell,Burning Bridges
Marcus Mathews,Burning Bridges
Mathew Wadsworth,Burning Bridges
Terje Dokland,Burning Vinyl
Fred Panning,Burning Vinyl
Trey McClure,Burning Vinyl
Jason Fondren,Burning Vinyl
Phillip Hyde,Caddle
Eric Watters,Caddle
Jimmie Finney,Caddle
Chris Pottraz,Caddle
Gary Edmonds,Caddle
Austin Jones,Cahaba
Oliver Stansell,Cahaba
Ryan Brown,Cahaba
Patrick Summey,Cardholder Services
Gary Whsat,Chad Fisher
Chad Fisher,Chad Fisher
Chucky,Chucky
Frank Crockard,Church in the Park
Mark Waggoner,Church in the Park
Lee Hurley,Church in the Park
Deb Peeples,Church in the Park
Andrea Mechalske,Clarinetist
Cleveland Eaton,Cleve Eaton and The Alabama All Stars
Seth Beckham,Cloner
Chris Blackwelder,Cloner
Nick Phillips,Cloner
Brad Baker,CoD
Brian Handley (Elmo),CoD
Dan Shook,Colonel Mayhem and the Axehandles
James Strader,Colonel Mayhem and the Axehandles
Billy Lawley,Colonel Mayhem and the Axehandles
Dooley,Colonel Mayhem and the Axehandles
Ashley Spurling,Corey Nolen
Chandler Parker,Corey Nolen
Brad Lyons,Corey Nolen
Corey Medders,Corey Wayne Medders
Walon Smith,Cotton Bird
Sarah Looney,Cotton Bird
Eric Onimus,Cotton Bird
Phil Proctor,Cotton Bird
Matt Alexander,Cotton Bird
David Hill,Cottonbox Road
James Hodges,Cottonbox Road
Daniel Teer,Cottonbox Road
Russ Maddox,Coyote Jack Band
JonDavid Franklin,Coyote Jack Band
Vic Atherton,Coyote Jack Band
Collin Zuckerman,Coyote Jack Band
Cory Anchors,Creature Camp
LeAlan Carter,Creature Camp
David Hildebrand,Creature Camp
Chris Hemphill,Creature Camp
Adam Huett,Creature Camp
Curt Granger,Curt Granger
Phil Proctor,Daddy Longlegs
Walon Smith,Daddy Longlegs
Ken Adams,Daddy Longlegs
Janessa Bryan,Dark Before Dawn
"Scott ""Swerve"" Aldridge",Dark Before Dawn
Shawn Burgess,Dark Before Dawn
"Janessa ""Lil Sis"" Bryan",Dark Before Dawn
Michael Mcavoy,Dark Before Dawn
"Michael ""Mac"" McAvoy",Dark Before Dawn
Jake Gable,Dark Before Dawn
"Shawn ""The Wise Wizard"" Burgess",Dark Before Dawn
Scott Aldridge,Dark Before Dawn
"Jake ""Fighting Cock"" Gable",Dark Before Dawn
David Lee,David Lee World Champion Elvis Entertainer
tim martin,DazeGoneBye
warren martin,DazeGoneBye
Kevin Nicholson,Delicate Cutters
Brian C. Moon,Delicate Cutters
Janet Simpson,Delicate Cutters
Chance Shirley,Delicate Cutters
Bryan Moon,Delicate Cutters
Matt Wiley,Derek Sellers Band
Aaron Branson,Derek Sellers Band
Eddie Gray,Derek Sellers Band
Scott Berg,Desperate Hero
Troy Reid,Desperate Hero
Tim Umstead,Desperate Hero
Brad Hardin,Divided Seasons
Brandon Hackett,Divided Seasons
Cameron Price,Divided Seasons
Adam Watkins,Dorian Green
Stan Wakefield,DownSouth
Jaime Wren,DownSouth
Nick Falkner,DownSouth
William Falkner,DownSouth
Brian Wolfe,DownSouth
Alan Cone,DownSouth
Josh Constantine,Dreams
Austin Riddle,Dreams
Erik Latham,Dreams
Mike Snow,DRIVER
Mike Gillepie,DRIVER
Paul Greene,DRIVER
JT Sober,DRIVER
Tracy Beck,DRIVER
Matt Franks,Early Americans
Zach Morro,Early Americans
Chris Franks,Early Americans
Cody Marsh,Early Americans
Marcus London,Earthbound
Scott Hudson,Earthbound
Eric Onimus,Earthbound
Derek Nolin,Earthbound
Jordan McElroy,Earthbound
Jason Bailey,Earthbound
Peyton Grant,Eat A Peach
Aaron Branson,Eat A Peach
Will Cash,Eat A Peach
Matt Casey,Eat A Peach
Mark Lanter,Eat A Peach
Mac Kramer,Eat A Peach
Will Cash,Eat A Peach (Allman Brothers Tribute)
Matt Casey,Eat A Peach (Allman Brothers Tribute)
Mark Lanter,Eat A Peach (Allman Brothers Tribute)
Peyton Grant,Eat A Peach (Allman Brothers Tribute)
Aaron Branson,Eat A Peach (Allman Brothers Tribute)
Mac Kramer,Eat A Peach (Allman Brothers Tribute)
Seth Herron,Echoes of Creation
Jacob Burton,Echoes of Creation
Chris Daughterty,Echoes of Creation
Tim McPherson,Echoes of Creation
Jeremy Bates,Embers in Ashes
Drew Duvall,Embers in Ashes
Andrew Hargrave,Embers in Ashes
Stephen Jones,Ensul
Tristan Bunn,Ensul
Austin Wesson,Ensul
Adam Ragsdale,Ensul
Erath Old,Erath Old Band
Dave Evans,Erath Old Band
Billy Wilkes,Erath Old Band
Allen Park,Erath Old Band
Eric Essix,Eric Essix Trio
"James ""PJ"" Spraggins",Eric Essix Trio
Kelvin Wooten,Eric Essix Trio
Eric Watters,Eric Watters
Nick Chance,Evertheless
Blaythe Steuer,Evertheless
Dylan Neal,Evertheless
Sean Landman,Evertheless
Richey Boyd,Eyes Like 20
Jonathan Lucas,Eyes Like 20
Justin Naramore,Eyes Like 20
Brent Cantrell,Eyes Like 20
Robby Berry,FACEDOWN
Jerry Davis,FACEDOWN
Scott Osbourne,FACEDOWN
Toby Kemp,FACEDOWN
Clay Jones,Feather Canyon
Kristi Houk,Feather Canyon
Beth Ragland Stewart,Feather Canyon
Jeana Cobb,Feather Canyon
Tonya West,Feather Canyon
Jon Meeks,Feral Child
Tyler Mills,Feral Child
Scotty Lee,Feral Child
Ransom Pewitt,Festival Expressions
Mike Sinopole,Festival Expressions
Kevin McClure,Festival Expressions
Marcus O'Neill,Festival Expressions
Joshua Wiseman,Festival Expressions
Josh Wiseman,Festival Expressions
Jared Hill,Fifty9South (acoustic duo)
Josh Beam,Fifty9South (acoustic duo)
Danny Morris,Flannel Dan and the Wanderers
Tony Cahn,Flannel Dan and the Wanderers
Cindy Blackburn,Flannel Dan and the Wanderers
Trevor Dane,Freaky Deakys
Rolfe Briney,Freaky Deakys
John Engle,Freaky Deakys
Zach Evans,Freaky Deakys
Forrest Moody,Freaky Deakys
Andrea Dillingham,Freaky Deakys
Hannah Barrett,Freaky Deakys
G.I. Magus,G.I. Magus
Matt Childers,Gatekeeper
Tyler Stansell,Gatekeeper
William Falkner,Gatekeeper
Garrett Zollar,Gatekeeper
Kurtis Stoneking,Gatekeeper
George Griffin,George and the G-Men
Seebie Camp,George and the G-Men
Alex Costas,George and the G-Men
Barry Wasserman,George and the G-Men
Kreg Worthington,George and the G-Men
George Griffin,George Griffin
George Griffin,George Griffin and the Firebirds
Andrew Brasfield,George Griffin and the Firebirds
Seebie Camp,George Griffin and the Firebirds
Kreg Worthington,George Griffin and the Firebirds
George Scherer,George Scherer
Michael Messina,Giants and Toys
Chris Estes,Giants and Toys
Jack Kish,Giants and Toys
John Nicholson,Giants and Toys
James Vance,Giants and Toys
Gigi Scott,Gigi Scott and Trouble Town
Ben Trexel,Gigi Scott and Trouble Town
Leif Bondarenko,Gigi Scott and Trouble Town
Eric Onimus,Gigi Scott and Trouble Town
Drew Lasater,Girls' Night Out
Josh Hardin,Girls' Night Out
O. Z. Hall,Girls' Night Out
O. Z. Hall III,Girls' Night Out
Robert Huffman,Green Springs Irregulars
Anne Bailey,Green Springs Irregulars
Sean Michael Ray,Guiding Light Praise & Worship Band
Jim Lowe,Guiding Light Praise & Worship Band
Kelvin Wooten,Guiding Light Praise & Worship Band
PJ Spraggins,Guiding Light Praise & Worship Band
Clif Payne,Guiding Light Praise & Worship Band
Anthony  Turk,Guiding Light Praise & Worship Band
Terry Johnson,Guiding Light Praise & Worship Band
Hardie McGehee,Hardie McGehee
Jonathan Purvis,Hooker Snacktime
Wes Frazer,Hooker Snacktime
Jake Beaty,Horses As Is
Dave Conwell,Horses As Is
Roy Scholl,Horses As Is
Benjamin Stevens,Horses As Is
Bryan Robinson,Horses As Is
Taylor Hunnicutt,Hunnicutt Willis
Matt Willis,Hunnicutt Willis
Troy Mowry,Hunting Delilah
Rob Gallagher,Hunting Delilah
JT Sober,Hunting Delilah
Reid Beasley,Hunting Delilah
Saylor Anderson,Hunting Delilah
"David ""Hutch"" Hutchins",Hutch Edwards Project
Craig Edwards,Hutch Edwards Project
Fred Comeau,Hutch Edwards Project
Buddy Hassler,Hutch Edwards Project
J.A.,ibis
Sam Big Head Porter,In Snow
Suda Mcsudaerson,In Snow
Pocus Numbretwo,In Snow
Jamison Taylor,Iron City Pickers
Ryan Ollard,Iron City Pickers
Eric Burke,Iron City Pickers
Mike Hipp,Iron City Pickers
Melissa Hipp,Iron City Pickers
Jerome Walls,Jackson Walls
Anna Walls,Jackson Walls
Donny Stults- PT Drums,Jackson Walls
Jacquie Cotillard,Jacquie Cotillard
Roger Jones,Jager Muffin
Cebrina Paul,Jager Muffin
Troy Mowry,Jager Muffin
Kelley Oneal,"James ""PJ"" Spraggins"
Sean Michael Ray,"James ""PJ"" Spraggins"
West Byrd,"James ""PJ"" Spraggins"
Jason Mayo,Jason Mayo
Ian Hoppe,Jasper Coal
Ryan Morrison,Jasper Coal
Kevin Nicholson,Jasper Coal
Jeremy Burns,Jasper Coal
Matt Parish,Jasper Coal
Miguel Martinez,Jasper Coal
Jesse Payne,Jesse Payne
Thomas Warren,Jesse Payne
Daniel Long,Jesse Payne
Steven Janes,Jesse Payne
Tyler Mills,Jesse Payne
Mason Boyd,Jesse Payne
Jessica Meuse,Jessica Meuse
Kolby Mele,JKo
Jeremy Cain,JKo
Tony Di Chiara,JKo
Will Cash,JKo
Jeremy Cain,J-Ko
Kolby Mele,J-Ko
Tony DiChiara,J-Ko
Jamison Taylor,JT & Gypsy Cab Company
Kyle Shelton,JT & Gypsy Cab Company
Jack Braxton,JT & Gypsy Cab Company
Michael Frog Ray,Justify These Scars
Aron Schroder,Justify These Scars
Andrew Balough,Justify These Scars
Kelley Oneal,Kayoband
"James ""PJ"" Spraggins",Kayoband
Joseph Stallworth,Kayoband
Godfrey Grannum,Kayoband
Gigi Scott,Kicking Horse
T  Clabo,Kicking Horse
Michael Moore,Kicking Horse
Daryl Allen,Kicking Horse
Noah Holt,Kill
Josh Jackson,Kill
Chris Eagle,Kill
Erek Smith,Kill
Phillip Ori,KinZie
Thomas Warren,KinZie
Jeff Zimmermann,Koverdown
David Smith,KYLE
Matt Perkins,KYLE
Benjamin Giles,KYLE
Brandon Lett,KYLE
Kyle Weems,Kyle Weems
Kyndle London,Kyndle London
Carol Downey,Lady and The Tramps
John Taylor,Lady and The Tramps
Haze Hopper,Lady and The Tramps
Robert Brantley,Lady and The Tramps
Daniel Western,Lady and The Tramps
Mike Lingo,Lady and The Tramps
Bryan Capps,Lady and The Tramps
Nathan Cerice,Lake Lyon
Austin Motlow,Lake Lyon
Sam Gilmore,Lake Lyon
Trevor Page,Lake Lyon
Mario Butler,Lake Lyon
lauren krothe,lauren krothe
Ryan Wilbanks,Let's Move Mountains
Spencer Hamme,Let's Move Mountains
Jeff Grodi,Let's Move Mountains
Chris Locarno,Let's Move Mountains
London Pendergrass,Let's Move Mountains
Rhett Randolph,Let's Move Mountains
Seth Beckham,Leviathan State
Geoff Calhoun,Leviathan State
Steve Krothe,Leviathan State
Nick Phillips,Leviathan State
Shane Wynn,Leviathan State
Jarred Melton,Life
Michael Collier,Life
Kelly Sloan,Life
Tom Hontzas,Little House
Eric Barr,Little House
Axel Barron,Little House
Roy Romano,Little House
Davis Little -lead guitar/vocals,Little Raine Band
DeVonte Hutchins- Drums,Little Raine Band
Daniel Raine- Guitar/keys/synth/harmonica/lead vocals,Little Raine Band
Isaiah Smith- Bass Guitar,Little Raine Band
Kyle Humphrey,LNLY WLVS
Matt Pike,LNLY WLVS
Daniel Ingram,Looksy
Rob Keating,Looksy
John Laing,Looksy
Kyle Posten,Looksy
Michael Cannon,LOOSE CANNON
Warren Amos,Mandi Rae
Mandi Rae,Mandi Rae
Lance Hayes,Mandi Rae
Alex Hinson,Mandi Rae
Lance Hays,Mandi Rae
DJ MANISH,MANISH G.O.M.
Allen Stone,Matt Carroll and the Browncoats
Eddie Gray,Matt Carroll and the Browncoats
Aaron Branson,Matt Carroll and the Browncoats
Doug Barnwell,Matt Carroll and the Browncoats
Chris Miller,Matt Carroll and the Browncoats
Dave Bark,Matt Carroll and the Browncoats
Russell Blackburn,Matt Carroll and the Browncoats
Various,Matthew McClain Band
Max Greene,Max Greene
Patrick Summey,Miss Information Age
Warren Amos,Monk & Amos
Mathew Monk,Monk & Amos
Matthew Lee Hancock,Morning High
Tim Boykin,Moth Face
Skohti Hamilton,Moth Face
Allen Eaton,Moth Face
Nathan Polk,Nat B and the Boys
Jesse Armstrong,Nat B and the Boys
Derek Bowles,Nat B and the Boys
Noah Wimberly,Nat B and the Boys
Joe D'Alessandro,Nat B and the Boys
Hank Jones,Nathan Peek & The New Thread
Casey Patton,Nathan Peek & The New Thread
Jason Vickers,Nathan Peek & The New Thread
Matt Casey,Nationwide Coverage Band
Phil Yochum,Nationwide Coverage Band
Taylor Propp,Nationwide Coverage Band
Mart Avant,Nationwide Coverage Band
Richard Daviston,Nationwide Coverage Band
O Z Hall,Nationwide Coverage Band
Peyton Grant,Nationwide Coverage Band
Van Hollingsworth,Nationwide Coverage Band
Wes Brokus,NeoSolstice
Jeff Disko,NeoSolstice
Noah Galanti,NeoSolstice
Mart Avant,Night Flight Big Band
Annie McClendon,Night Flight Big Band
Steve Collins,Night Flight Big Band
Sam Williams,Night Flight Big Band
Gary Wheat,Night Flight Big Band
Richard Daviston,Night Flight Big Band
Thomas Furlough,Night Flight Big Band
Coleman Woodson III,Night Flight Big Band
Lauren Jones,Nina rat! Nina Rat!
Steven Sartor,Nina rat! Nina Rat!
Andrea Dilllingham,Nina rat! Nina Rat!
Joel Nelson,Nina rat! Nina Rat!
Tony Wachter,NOYOKO
Doug Lee,NOYOKO
Chris Byars,NOYOKO
Greg Gentry,NOYOKO
Mark Smith,NOYOKO
Jonathan Key,Of Men and Angels Flesh
Casey Causey,Of Men and Angels Flesh
Jason Walker,Of Men and Angels Flesh
Andy Knight,Of Men and Angels Flesh
Ian Thomas Mcintosh,Onehundreds
Charlie Brown Sanders III,Onehundreds
Joshua Mays,Onehundreds
Beth Ragland Stewart,Onehundreds
Michael Jowell,p-2501
Phillip Deveraux,p-2501
Scott Gardner,p-2501
Michael Lukacovic,p-2501
Patrick Travis,Patrick Travis
Patrick Travis,PharmHand
Tommy Terrell,PharmHand
Phil Proctor,Phil and Walon
Walon Smith,Phil and Walon
Phil Harrison,Phil Harrison
Beth Harrison,Phil Harrison
Thomas Woodham,Phillip's Hall
Max Meneker,Phillip's Hall
Tyler Graham,Phillip's Hall
Shelby Wesley,Phillip's Hall
JD West,Phillip's Hall
Joseph Higgins,Platonic Onion
Penny Vinson,Platonic Onion
Charles Vinson,Platonic Onion
Paul Abbott,Platonic Onion
Jason Dixon,Platonic Onion
Kirby Russell,Platonic Onion
Casey Frost,Platonic Onion
John Schneible,Platonic Onion
Matt Willis,Pleasure Dusters
Sam Gunderson,Pleasure Dusters
Johnny Kullinich,Pleasure Dusters
David Keith,Pleasure Dusters
Alyssa Hicks,Pony Kicks
Matthew Tortorice,Pony Kicks
John Bella,Pudwich
Andrew Young,Pudwich
Mike Johnson,Pudwich
Said Lopez,Pudwich
Etzar Cisneros,Pudwich
Chip Dews,Pyrite Parachute
Donnie Garvich,Pyrite Parachute
Joey Howard,Pyrite Parachute
Keith Weber,Pyrite Parachute
Scott Housey,Pyrite Parachute
Henry Lovoy,Razzmatazz band
Greg Brown,Razzmatazz band
Mike Webber,Razzmatazz band
Kenny Webber,Razzmatazz band
Ben Guthrie,Red Mountain
Dylan James,Red Mountain
Jeremy Milam,Red Mountain
Matt Smith,Red Mountain
Billy Murphree,Red Mountain
Chris Casey,Red Mountain Breeze
Christian Herring,Red Mountain Breeze
Rikki Skelton,Red Mountain Breeze
Ryon Moncrief,Red Mountain Breeze
Lisa Casey,Red Mountain Breeze
John Burke,Redface
Ramy Nourredini,Redface
Alan James,Redface
Alex Hinson,Redface
Tym Cornell,Results of Adults
Mary Cornell,Results of Adults
Mark Beasley,Results of Adults
Adam Guthrie,Results of Adults
Matt Slocum,Results of Adults
Evan Haarbauer,Revivalist
Seth Beckham,Revivalist
Taylor Youngson,Revivalist
Rick Carter,Rick Carter
Kelsey Kyzer,Rise Above
Kelton Clinner,Rise Above
Lesland Clinner,Rise Above
Heath Vining,Rise Above
Kason Kyzer,Rise Above
Rob Glen,Rob Glen
Rick Carter,Rollin' In The Hay
Stan Foster,Rollin' In The Hay
John Kulinich,Rollin' In The Hay
Leif Bondarenko,Rollin' In The Hay
Milyn Little,Royal & Toulouse
Christian Herring,Royal & Toulouse
Ricky Little,Royal & Toulouse
Dylan Johnson,Royal & Toulouse
Rus Spillis,Rus Spillis Band
Jeremy Livingston,Rus Spillis Band
Mitchell Levi,Rus Spillis Band
Ryan Flynt,Ryan Flynt
Ryan Flynt,Ryan Flynt and the Motel Ice Machince
Andrew Brasfield,Ryan Flynt and the Motel Ice Machince
Billy Long,Ryan Flynt and the Motel Ice Machince
Rus Spillis,Ryan Flynt and the Motel Ice Machince
Ford Boswell,Ryan Flynt and the Motel Ice Machince
Redd Jones,Ryan Flynt and the Motel Ice Machince
Sam Pointer,Sam Pointer
Sarah Gosdin,Sarah Gosdin
Sarah Green,Sarah Green and The Sunday Lovers
Sam Gunderson,Sarah Green and The Sunday Lovers
Eric Onimus,Sarah Green and The Sunday Lovers
Jackie Roche,Sarah Green and The Sunday Lovers
Brett Huffman,Sarah Green and The Sunday Lovers
Mtich Caponetto,Scalici-Alley Project
Matt Suddarth,Seoul
JoJo Markel,Seoul
Ben Smith,Seoul
Joseph Foster,Seoul
sami serrag,serrasa
Garrett Neill,Shades Mountain Jazz Orchestra
Shellina Ryals,Shellina Ryals
Simone Durand,Simone Durand Trio
Dave Evans,Simone Durand Trio
Ted Perry,Simone Durand Trio
Neeta K.,Sister Sniffle
James Clark,SK5
Lane Sewell,SK5
Michael Hill,SK5
David Hulsey,SK5
Gary Neighbors,SK5
Danny Fravel,SK5
Barron,Skeptic?
Richie,Skeptic?
Weber,Skeptic?
Jeff,Skeptic?
Tim,Skeptic?
Jarred Melton,Slam Brigade
Michael Collier,Slam Brigade
Ramon Cardenas,Slam Brigade
Justin William Bean,Slam Brigade
Jason Mayo,Slang
Allen Park,Slang
Tim Ward,Slang
Brian Jones,Slang
Amber Locke,Spores
Neeta K.,Spores
Crystal Gibb,Spores
Jeana Cobb,Spores
Leah Hamby,Spores
Paul Janeway,St. Paul and the Broken Bones
Jesse Phillips,St. Paul and the Broken Bones
Browan Lollar,St. Paul and the Broken Bones
Andrew Lee,St. Paul and the Broken Bones
Allen Branstetter,St. Paul and the Broken Bones
Al Gamble,St. Paul and the Broken Bones
Ben Griner,St. Paul and the Broken Bones
Josh Patrick,Standard Candle
Brian Sunderman,Standard Candle
Gary McKinney,Standard Candle
Matt Bright,Standard Candle
Ian Lee,Static Front
Alex Peete,Static Front
Brandon DeBalsi,Static Front
Turtle White,Static Front
Chancellor Crawford,Static Front
Jerrod Atkins,Steel City Jug Slammers
Jacob Mathews,Steel City Jug Slammers
Nick Bate,Steel City Jug Slammers
Jeered Atkins,Steel City Jug Slammers
Corey Medders,Steel City Jug Slammers
Jacob Matthews,Steel City Jug Slammers
Steven Bate,Steel City Jug Slammers
Zac Peoples,Steel City Jug Slammers
Terry Webster,Steel City Sound
David Cowan,Steel City Sound
Chuck King,Steel City Sound
Jay Garrett,Steel City Sound
Clay Alligood,Steel City Sound
Eugene Bates,Steel City Sound
Steve Collins,Steel City Sound
Steve Garrett,Steel City Sound
D. Charles Robinson,Steels
Justin West,Steels
Brett Mitchell,Steels
Gunner Carglie,Steels
Scooter Lee,Steels
James Wahl,Stoned Cobra
Brad Reed,Stoned Cobra
Josh Isley,Stoned Cobra
Steve Krothe,Stoned Cobra
James Clark,Streetkar
Lane Sewell,Streetkar
Michael Hill,Streetkar
David Hulsey,Streetkar
Gary Neighbors,Streetkar
Danny Fravel,Streetkar
John Morris,Streetkar
Finney James,Suburban Love Junkies
Eric Watters,Suburban Love Junkies
Jimmie Finney,Suburban Love Junkies
Josh Moehr,Suburban Love Junkies
Brant Benefield,Suburban Love Junkies
Jarrod Cunningham,SugaBuzzz
Bill Irvin,SugaBuzzz
Tom Brown,SugaBuzzz
Mike Eskew,SugaBuzzz
Jason Bradley,SugaBuzzz
Jeremy Burns,Sunquakes
Miguel Martinez,Sunquakes
Colin Soniat,Sunquakes
James Kernan,Sunquakes
Matt Willis,Sweet T and the Lemons
Taylor Hunnicutt,Sweet T and the Lemons
Eric Onimus,Sweet T and the Lemons
Dave Crenshaw,Sweet T and the Lemons
Ford Boswell,Sweet T and the Lemons
Jerrod Atkins,Syeel City Jug Slammers
Nick Bate,Syeel City Jug Slammers
Steven Bate,Syeel City Jug Slammers
Zac Peoples,Syeel City Jug Slammers
Jacob Matthews,Syeel City Jug Slammers
Corey Medders,Syeel City Jug Slammers
James P. Fahy,Teen Getaway
Janet Simpson,Teen Getaway
Andy Sizemore,Teen Getaway
Spencer Shoults,Teen Getaway
Ian Hoppe,The All Star Stranglers
Miguel Martinez,The All Star Stranglers
Kevin Nicholson,The All Star Stranglers
Jeremy Burns,The All Star Stranglers
Rick Lovelady,The Amazing Live Seamonkeys
Milton Moats,The Amazing Live Seamonkeys
Lawton Higgs Jr.,The BeatLads
Jamie Glass,The BeatLads
Kevin Higgs,The BeatLads
Daryl Hardy,The BeatLads
Brian Westbrook,The BeatLads
Bill Ledbetter,The Bill Ledbetter Project
Joe Ledbetter,The Bill Ledbetter Project
John English,The Bill Ledbetter Project
Matt Brennan,The Bill Ledbetter Project
Joel Nelson,The Black Power Ranger
Chris Olsen,The Black Power Ranger
Eric Stein,The Black Power Ranger
Ian Hoppe,The Braineaters
Miguel Martinez,The Braineaters
Ryan Morrison,The Braineaters
Jonathan Sansom,The Braineaters
Jake Wittig,The Burning Peppermints
Breely Flower,The Burning Peppermints
Walker Scott,The Burning Peppermints
Gustaf Robertson,The Butt Pluggers
Nicollette Patch,The Butt Pluggers
Doctor Pepper,The Butt Pluggers
Cleo Cleo,The Butt Pluggers
Kevin Nicholson,The Cyanotics
Peter Szelenbaum,The Cyanotics
Christina Linard,The Daughters
September Reed,The Daughters
Shelley Butler,The Dozens
Steven Butler,The Dozens
Travis Posey,The Dozens
Chip Dews,The Dozens
Brent Irvin,The Dozens
Dan Hocter,The Dozens
Josh Butler,The Elijah Butler Band
Gary Edmonds,The Elijah Butler Band
Jimmy Finney,The Elijah Butler Band
Eric Simmons,The Elijah Butler Band
Bryan Price,The Even Steven Duo
Stephen Wheeler,The Even Steven Duo
Dirty D'jon,The Freakin Weekend Crew
Nutty Brown,The Freakin Weekend Crew
Dr Freakinstein,The Freakin Weekend Crew
The LMK,The Freakin Weekend Crew
S*** Biscuit,The Freakin Weekend Crew
The Duke,The Freakin Weekend Crew
Queen L'Crittah,The Freakin Weekend Crew
King Shaka,The Freakin Weekend Crew
Shawna Ross,The Glass jars
Mollie McFarland,The Glass jars
Jeremy Tidmore,The Glass jars
Steve Lucas,The Glass jars
George Scherer,The Headlights
Ryan Flynt,The Headlights
Robert Huffman,The High Fidelics
Jeff Waites,The HIGH FIDELICS
Ken Adams,The High Fidelics
Edwin Cleverdon,The High Fidelics
Edwin Cleverden,The HIGH FIDELICS
Erin Black,The M-80s
Glenn Freeman,The M-80s
Larry Gambrill,The M-80s
Mike Tucker,The M-80s
Michael Weidenbach,The M-80s
Will Cash,The Magnetic Elite
Nic Herring,The Magnetic Elite
Tyler Duiguid,The Magnetic Elite
Aaron Branson,The Magnetic Elite
Brian C. Moon,The Maisleys
Jill Deaver,The Maisleys
Andy Sizemore,The Maisleys
Chance Shirley,The Maisleys
Jason Kuykendall,The Maisleys
Joe Ray,The New Hooteneers
Buddy Stith,The New Hooteneers
Ricky Stone,The New Hooteneers
Mary Anne Stone,The New Hooteneers
Wes Persons,The New Masters of Evil
Lee Kader,The New Masters of Evil
Andrew Paullus,The New Masters of Evil
Josh Jarvis,The New Masters of Evil
Frank Walker,The New Masters of Evil
Andy Harris,The Old Paints
Breely Flower,The Old Paints
Virginia Phillips,The Old Paints
Mitch Guenther,The Old Paints
Lars Espensen,The ORIGINAL SHAKE CHARMERS
Jeff Waites,The ORIGINAL SHAKE CHARMERS
Ronnie Lee Gipson,The ORIGINAL SHAKE CHARMERS
Luke Freeman,The ORIGINAL SHAKE CHARMERS
Peyton Grant,The Peytones
Aaron Branson,The Peytones
Allen Barlow,The Peytones
Mark Lanter,The Peytones
Phil Dudley,The Phil Dudley Band
Erich Cousins,The Phil Dudley Band
Jack Dudley,The Phil Dudley Band
George Dudley,The Phil Dudley Band
John Tyler Smith,The Primitive Talk
Nicholas Alexander Schefano,The Primitive Talk
Steven Christopher Perrine,The Primitive Talk
Sarah Green,The SBGs
Sam Gunderson,The SBGs
Jonathan Mayhall,The Spook House Saints
Diana Mayhall,The Spook House Saints
Mary Arvin,The Steele Sisters
Lauren Jones,The Steele Sisters
Rebekah Lifer,The Steele Sisters
Mike Parrott,The Steele Sisters
Stephen McCullough,The Stephen McCullough Band
Will Cash,The Stephen McCullough Band
Dave Bark,The Stephen McCullough Band
Daniel McCabe,The Switch
Will Hopkins,The Switch
Tim Harris,The Switch
Ashley Roberts,The Switch
Ed Reynolds,THE TICKS
Judy Ranelli,THE TICKS
Carey Jacks,THE TICKS
Cindy Camp,THE TICKS
Mike Buchanan,The Troubadours
Brent Warren,The Troubadours
Stephen Hiott,THE TURN
Charles Green,THE TURN
Phil Nero,THE TURN
Drew Lankford,THE TURN
Jeff Johnson,The Twin Heart Trap
Brian Culverhouse,The Twin Heart Trap
Josh Trimble,The Twin Heart Trap
Craig McRee,The Westeroes
Jarred McCaffery,The Westeroes
Daniel Coffey,The Westeroes
Gary Justiss,The Wisdom
Carter Laney,The Yahoos Stringband
Charlie Hunter,The Yahoos Stringband
Doug Davis,The Yahoos Stringband
Lee Sproull,The Yahoos Stringband
Jacob Graves,The Yahoos Stringband
JoAnna Laney,The Yahoos Stringband
THEREALJOECLARK,THEREALJOECLARK
Warren Amos,Thick As Thieves
Jonathan Breland,Thick As Thieves
Brandon Porter,Thick As Thieves
Kevin Russell,Thick As Thieves
Mark T Mizzell,Thomas Henry Band
Ben Guthrie,Thomas Henry Band
Randy Wyatt,Thomas Henry Band
Allan Nettles,Thomas Henry Band
Mike Hill,Thomas Henry Band
Stan Muse,Thomas Henry Band
Carmen Michael Childers,Throne of Eden
Justin Tyme Harris,Throne of Eden
Kyle Stough,Throne of Eden
Cody Eldred,Throne of Eden
John Bella,Throng of Shoggoths
Andrew Young,Throng of Shoggoths
Deon Wills,Throng of Shoggoths
Said L¢pez,Throng of Shoggoths
Etzar Cisneros,Throng of Shoggoths
Tim Boykin,Tim Boykin Blues Band
Don Tinsley,Tim Boykin Blues Band
Billy Wilkes,Tim Boykin Blues Band
Todd Simpson,Todd Simpson and Mojo Child
Wes Simpson,Todd Simpson and Mojo Child
David Burks,Todd Simpson and Mojo Child
Kyle Butler,Todd Simpson and Mojo Child
Regi Yarbrough,Todd Simpson and Mojo Child
Todd Simpson,Todd Simpson Duo
Wes Simpson,Todd Simpson Duo
Tommy Crowder,Tommy Crowder and Crossroads Junction
Don Hecklinski,Tommy Crowder and Crossroads Junction
Sammy Pierce,Tommy Crowder and Crossroads Junction
James Royster,Tommy Crowder and Crossroads Junction
Michael Reid,Tommy Crowder and Crossroads Junction
Tommy Bowen,Tommy Trumpet
Jason Bailey,Tonal Vision
Jeremy Burns,Tonal Vision
Lane McGiboney,Tonal Vision
Colin Soniat,Tonal Vision
Carol Downey,Tradewinds
John,Tradewinds
John Taylor,Tradewinds
Haze Hopper,Tradewinds
Robert Brantley,Tradewinds
Tommy Bowen,Tragic City
Martin Castor,Tragic City
Will Cash,Tragic City
CJ Griffith,Tragic City
Jordan Miller,Tragic City
Jeffery Neill,Trapaw
William  Ambridge,Trapaw
Christian Herring,True Blue
Bob Marston,True Blue
Dylan Johnson,True Blue
Mart Avant,Tuscaloosa Horns
Chris Gordon,Tuscaloosa Horns
Kelley O'Neal,Tuscaloosa Horns
Steve Black,Tuscaloosa Horns
Jon Noffsinger,Tuscaloosa Horns
Demondrae Thurman,Tuscaloosa Horns
Richard Daviston,Tuscaloosa Horns
Jim Moeller,Tuscaloosa Horns
Aaron Branson,Tux Shop Hero
Britt Hendrix,Tux Shop Hero
Matt Carroll,Tux Shop Hero
Will Cash,Tux Shop Hero
Peyton Grant,Tux Shop Hero
Eddie Gray,Tux Shop Hero
Shellina Ryals,Two State Nation
Steven Ryals,Two State Nation
Jesslyn Parmley,Two State Nation
Amanda Miller,Two State Nation
Isaac Mixon,Two State Nation
Christopher Vawter Stewart,Vawter
Wes Day,Wes & Greg (WAG)
Greg Neal,Wes & Greg (WAG)
William Ellison,WHEEL
Jason Mann,Whiskeys
Arthur Kaplan,Whiskeys
Andrew Kaplan,Whiskeys
Walon Smith,Whompus Cats
Tim Boykin,Whompus Cats
Leif Bondarenko,Whompus Cats
Ken Adams,Whompus Cats
Wilder Adkins,Wilder Adkins
Justin Cross,Wilder Adkins
Luke Sides,Wilder Adkins
James Mullis,Wilder Adkins
Will Hawley,Will Hawley
David Koonce,Within Reason
Chris Dow,Within Reason
Griffin Zarbough,Within Reason
Jordan Foster,Within Reason
Mitch Guenther,Woochega
Chris Yarbrough,Woochega
Rose Yarbrough,Woochega
TJ Calloway,Woochega
Alex Hinson,Woochega
Zach Austin,Zach + Cheyloe
Cheyloe Martin,Zach + Cheyloe
Zarinah Shahid,ZARINAH & The ZARATANS
Jeff Waites,ZARINAH & The ZARATANS
Robert Russom,ZARINAH & The ZARATANS
Eric Long,ZARINAH & The ZARATANS
Luke Freeman,ZARINAH & The ZARATANS
Thomas Woodham,???
